id;name;file;file_content_type
1;Savings Account;../fake-data/blob/hipster.png;image/png
2;Towels indexing;../fake-data/blob/hipster.png;image/png
3;Rustic;../fake-data/blob/hipster.png;image/png
4;Baby Central;../fake-data/blob/hipster.png;image/png
5;Squares Concrete Legacy;../fake-data/blob/hipster.png;image/png
6;Generic Metal Shirt Personal Loan Account primary;../fake-data/blob/hipster.png;image/png
7;Pre-emptive implement reinvent;../fake-data/blob/hipster.png;image/png
8;Baby Senior Designer;../fake-data/blob/hipster.png;image/png
9;Tuvalu Quality Yuan Renminbi;../fake-data/blob/hipster.png;image/png
10;Associate;../fake-data/blob/hipster.png;image/png
